"Year","State","Violent.Crimes","Poverty.Rate","Unemployment.Rate","Income.Per.Capita","Real.GDP"
2010,"Alabama",449.8,"0,191",0.103871809051745,33963,184702.4
2010,"Alaska",633,"0,111",0.0816210866223584,49654,54601.5
2010,"Arizona",408.3,"0,175",0.102997785434899,33848,260307.1
2010,"Arkansas",517.7,"0,188",0.0787352887073861,32367,105662
2010,"California",472,"0,158",0.124769576774645,43249,2036015
2010,"Colorado",337.8,"0,131",0.0915872956255528,40785,267858.9
2010,"Connecticut",298.7,"0,099",0.0958356463399385,61762,244354.7
2010,"Delaware",636.6,"0,121",0.0866747364704696,40947,60577.2
2010,"Florida",612.5,"0,166",0.108417911922821,38865,775039.5
2010,"Georgia",426.1,"0,179",0.10669696952325,34830,433727.2
2010,"Hawaii",274.8,"0,105",0.0683664611309246,41606,69628.1
2010,"Idaho",228.4,"0,153",0.0877513639190597,32106,58281.8
2010,"Illinois",497.2,"0,139",0.104989033553862,42294,698179.6
2010,"Indiana",333.2,"0,154",0.101088701323155,35699,297517.3
2010,"Iowa",279.2,"0,128",0.0611890220960358,38320,150148.4
2010,"Kansas",400.1,"0,132",0.069508220757496,39968,135723.2
2010,"Kentucky",258.7,"0,187",0.103011243920782,32811,173780.1
2010,"Louisiana",620,"0,185",0.0751962373096995,38243,246836.2
2010,"Maine",119.8,"0,137",0.0843281988670642,38115,54305
2010,"Maryland",589.9,"0,101",0.0784256208401267,49691,325369.7
2010,"Massachusetts",457.1,"0,114",0.0806730543445052,52919,425792.7
2010,"Michigan",497,"0,165",0.122161845896164,35769,404216.9
2010,"Minnesota",243.9,"0,114",0.0741572995499363,42734,287140.1
2010,"Mississippi",281.3,"0,223",0.100978582106255,31284,98601.1
2010,"Missouri",491.8,"0,156",0.0950749083300008,36671,270732.9
2010,"Montana",253.6,"0,145",0.0720441763941378,36398,40793.7
2010,"Nebraska",281.6,"0,131",0.0471964863717877,41260,97466.1
2010,"Nevada",702.2,"0,151",0.137602539770382,37487,129828.4
2010,"New Hampshire",159.6,"0,082",0.0611465105993326,47108,67125.8
2010,"New Jersey",311.5,"0,102",0.0966706939086302,51131,513917.9
2010,"New Mexico",619,"0,204",0.0777928738760464,33714,87610.3
2010,"New York",384.7,"0,15",0.0871928589607787,48818,1277466.8
2010,"North Carolina",404.3,"0,174",0.107455527469067,35860,437836.5
2010,"North Dakota",200.7,"0,123",0.0369884768798936,44284,37917.2
2010,"Ohio",332.1,"0,159",0.102899762427912,36862,523979.4
2010,"Oklahoma",501.1,"0,171",0.0652462748695992,37271,160564.2
2010,"Oregon",254.7,"0,159",0.107300561164523,36036,169234
2010,"Pennsylvania",380.5,"0,132",0.0820844227204623,42268,627726.3
2010,"Rhode Island",252.6,"0,147",0.116444971706334,42805,51332.8
2010,"South Carolina",670.8,"0,182",0.113170245817732,32838,172131
2010,"South Dakota",185.6,"0,149",0.0491522061574944,41417,40369.6
2010,"Tennessee",667.7,"0,176",0.0983036918279192,35160,268449.8
2010,"Texas",490.9,"0,178",0.0819456972644393,39029,1309962.4
2010,"Utah",212.7,"0,134",0.079447302503818,32226,123902.2
2010,"Vermont",131.4,"0,119",0.0633062363773853,41765,28403.7
2010,"Virginia",226.8,"0,114",0.0732187353031461,45519,441242.4
2010,"Washington",331,"0,136",0.091469692987364,42352,380989.5
2010,"West Virginia",296.5,"0,184",0.0866700324771913,32764,69153.5
2010,"Wisconsin",257,"0,131",0.0850875559773749,39185,266830.8
2010,"Wyoming",228.2,"0,107",0.0693687188218381,46638,40056.6
2011,"Maine",122,"0,143",0.0772751268628851,39737,53789
2011,"Connecticut",281.4,"0,109",0.0900929041613083,63229,238542.4
2011,"Minnesota",236,"0,116",0.065073506251232,45373,293783.2
2011,"Georgia",403.3,"0,191",0.101376577504225,36849,441626.7
2011,"Arizona",408.1,"0,191",0.0944245918495068,35175,266101.5
2011,"Nebraska",279.5,"0,119",0.0441482561991788,45744,102587.4
2011,"Washington",313.8,"0,141",0.0853469324355692,44244,387745.2
2011,"Pennsylvania",366.2,"0,136",0.0775654621110684,44300,637114
2011,"Alaska",638.8,"0,103",0.077585332071694,52581,55280.3
2011,"Illinois",435.2,"0,147",0.0977155978822509,44279,711283.4
2011,"South Dakota",268.5,"0,129",0.0459732476876564,44726,43049.5
2011,"South Carolina",597.7,"0,19",0.104194400906106,34406,176083.2
2011,"Nevada",660.6,"0,161",0.133111550561401,38740,130697.9
2011,"New Mexico",588.9,"0,214",0.0723612810612383,35069,87592.9
2011,"Massachusetts",466.6,"0,117",0.0722356784477763,54942,434494.5
2011,"West Virginia",314.6,"0,186",0.0783882465982705,34594,70361.3
2011,"Delaware",620.9,"0,123",0.0760004594894712,43990,62919.3
2011,"Alabama",377.8,"0,191",0.0957885268448437,35101,187605.8
2011,"California",440.6,"0,167",0.118769143443449,45574,2063827.5
2011,"New Jersey",307.7,"0,103",0.0936205893087903,53237,507604
2011,"Indiana",314.5,"0,157",0.089249675448884,37822,299064.5
2011,"North Carolina",363.4,"0,177",0.102579692353669,36839,443288.7
2011,"Arkansas",505.3,"0,187",0.0790905736609264,34253,107932.5
2011,"Iowa",273.5,"0,128",0.0564607781028489,41078,152435.2
2011,"Hawaii",262.7,"0,122",0.0683660417628494,42976,70646.6
2011,"Wisconsin",248.7,"0,136",0.0755729606266867,41262,272813.2
2011,"Missouri",455,"0,159",0.0864848076408223,38128,268533.8
2011,"Texas",450.3,"0,184",0.0800611858845252,42011,1353600.4
2011,"Maryland",547.7,"0,101",0.073109805314306,51970,332437.2
2011,"Mississippi",269.7,"0,226",0.0975921973196117,32532,98515.8
2011,"Oregon",252,"0,17",0.0960327345493388,37596,173831.7
2011,"Utah",212.7,"0,137",0.0705461994747408,34232,127992.5
2011,"Colorado",320.8,"0,134",0.0867282748951291,43635,271700.6
2011,"Oklahoma",479.5,"0,176",0.0559255668869757,39777,166327.2
2011,"Vermont",130.2,"0,11",0.0556232770623529,44150,29013.5
2011,"New Hampshire",167,"0,088",0.0545492301678647,49184,67559.1
2011,"New York",392.1,"0,159",0.0834678075913204,51167,1279527.1
2011,"Idaho",221,"0,154",0.0818455184975818,33627,58226.2
2011,"Michigan",490.3,"0,17",0.100063718345636,37829,414834.4
2011,"Montana",272.2,"0,14",0.0664166653361646,38584,41875.7
2011,"Tennessee",613.3,"0,181",0.0911692060946271,37260,276898.3
2011,"Wyoming",195.9,"0,113",0.0615944779868816,50726,39767.9
2011,"Florida",542.4,"0,171",0.100021619034599,40482,772021.3
2011,"Kansas",369.1,"0,142",0.0639575169725169,43057,139579.4
2011,"Virginia",213.6,"0,117",0.0656761614327425,47638,444288
2011,"North Dakota",225,"0,11",0.0334364158268627,49110,42340.8
2011,"Louisiana",549,"0,202",0.0742534806168837,39131,234975.7
2011,"Ohio",315.2,"0,164",0.0882922227070053,39287,541180.2
2011,"Rhode Island",256.6,"0,144",0.110225881750121,44403,51279.6
2011,"Kentucky",242.6,"0,196",0.0937838648056324,34360,175745.3
2012,"Alabama",420.1,"0,187",0.0815531101633725,35992,189245.5
2012,"Alaska",606.5,"0,114",0.0722741689665115,53729,58283.6
2012,"Arizona",405.9,"0,183",0.083392702328225,36272,271440
2012,"Arkansas",480.9,"0,191",0.0726052828086478,36533,108492.1
2012,"California",411.1,"0,169",0.105158591692999,48154,2113096.4
2012,"Colorado",320.2,"0,137",0.0798093700678852,45586,276823.1
2012,"Connecticut",272.8,"0,108",0.0836318247969454,64300,240911.9
2012,"Delaware",559.5,"0,122",0.07057311929465,44121,62354.6
2012,"Florida",515.3,"0,171",0.0864067921372241,41475,778545
2012,"Georgia",373.2,"0,192",0.0903978381070524,37507,447764.7
2012,"Hawaii",287.2,"0,119",0.0590868906774905,44121,71905.3
2012,"Idaho",200.9,"0,155",0.0740135860590715,35201,58323.9
2012,"Illinois",429.3,"0,147",0.0902602713821473,46190,726399.1
2012,"Indiana",331.8,"0,156",0.0821525575079565,39477,300513.9
2012,"Iowa",255.6,"0,126",0.0505658990838398,42953,158538.4
2012,"Kansas",353.9,"0,138",0.0571317989611059,45373,141818.2
2012,"Kentucky",238.2,"0,193",0.0820261948703411,35643,178143.7
2012,"Louisiana",555.3,"0,199",0.0674831682097503,41017,235384.7
2012,"Maine",123.2,"0,15",0.0719499612550786,40496,53679.7
2012,"Maryland",494.1,"0,101",0.0687069862404032,53016,332523.5
2012,"Massachusetts",428.4,"0,12",0.0670768051406861,56911,442916.9
2012,"Michigan",445.3,"0,175",0.0903861980180439,39355,422691.2
2012,"Minnesota",221.2,"0,114",0.0564764726282699,47822,298328.3
2012,"Mississippi",269.8,"0,238",0.0880987868114887,33632,100448.4
2012,"Missouri",447.4,"0,164",0.0716713143657505,39761,271535.1
2012,"Montana",267.5,"0,15",0.0580219806257725,40750,42340.9
2012,"Nebraska",253.2,"0,116",0.0388641502354835,46801,102725.9
2012,"Nevada",562.1,"0,158",0.115996331449041,39840,129312.9
2012,"New Hampshire",188,"0,097",0.0544694924406047,51224,68498.1
2012,"New Jersey",308.4,"0,107",0.0937581466189278,55115,517195.9
2012,"New Mexico",567.5,"0,206",0.0697982906277389,35793,87925.2
2012,"New York",398.1,"0,16",0.0861763032010585,53599,1328233.5
2012,"North Carolina",349.8,"0,18",0.0950848130177342,38984,445095.3
2012,"North Dakota",247,"0,107",0.029335315654267,56671,51832.6
2012,"Ohio",307.4,"0,163",0.0738882495477444,40837,545740.1
2012,"Oklahoma",454.8,"0,173",0.0508523018501268,42188,174874.4
2012,"Oregon",247.6,"0,168",0.0882678396553514,39370,174611
2012,"Pennsylvania",355,"0,139",0.0765418510741299,46022,647925.9
2012,"Rhode Island",247.5,"0,139",0.102294878294336,45978,51583
2012,"South Carolina",571.9,"0,182",0.0900595651733216,35852,177618.1
2012,"South Dakota",254.1,"0,134",0.0405303843676186,45384,43901.5
2012,"Tennessee",608.2,"0,18",0.0796409674578314,38873,286341.5
2012,"Texas",408.5,"0,179",0.0668141463742295,44193,1421180.1
2012,"Utah",195,"0,123",0.047760609658161,36085,129512.5
2012,"Vermont",135.2,"0,114",0.0481571995649041,45588,29241.3
2012,"Virginia",196.7,"0,119",0.0593682573253603,49366,445973.6
2012,"Washington",294.6,"0,136",0.076524084551788,47357,400530.6
2012,"West Virginia",315.9,"0,173",0.0723204241431929,35478,70322.2
2012,"Wisconsin",236.9,"0,129",0.0693433284159212,43043,277107.1
2012,"Wyoming",219.3,"0,126",0.0547818930041152,54104,38855.4
2013,"Alabama",449.9,"0,189",0.0733270936046771,36258,191369.8
2013,"Alaska",603.2,"0,091",0.0699724654304993,52843,55354.3
2013,"Arizona",428.9,"0,186",0.0780580143146442,36739,273481.9
2013,"Arkansas",469.1,"0,192",0.0705919901472653,36605,110752.4
2013,"California",423.1,"0,167",0.0903586049652001,48549,2179229
2013,"Colorado",308.9,"0,13",0.0674497288468553,47339,286259.1
2013,"Connecticut",283,"0,105",0.0795458014102134,62900,236050.6
2013,"Delaware",547.4,"0,13",0.066136850411453,44478,60235.8
2013,"Florida",487.1,"0,17",0.0752663502244157,41069,794842.1
2013,"Georgia",378.9,"0,189",0.0814224990279076,37813,454908.9
2013,"Hawaii",239.2,"0,109",0.047579107774598,44378,73063.2
2013,"Idaho",207.9,"0,159",0.0682361806977295,36229,60631.2
2013,"Illinois",414.8,"0,145",0.0908087477749496,47285,726125
2013,"Indiana",345.7,"0,158",0.0751523004125638,39829,307279.1
2013,"Iowa",263.9,"0,13",0.0473775405215991,43555,158480.8
2013,"Kansas",354.6,"0,136",0.0529956593404749,46291,141723.4
2013,"Kentucky",222.6,"0,184",0.079345360767076,36082,181505.9
2013,"Louisiana",496.9,"0,197",0.0643313413990733,41396,228452.8
2013,"Maine",122.7,"0,133",0.0669992204439636,40452,53239.1
2013,"Maryland",476.8,"0,103",0.0652882104987965,52576,334268.9
2013,"Massachusetts",405.5,"0,119",0.0664104598358115,56977,444874
2013,"Michigan",454.5,"0,168",0.0872960281431341,39696,428737.6
2013,"Minnesota",230.9,"0,113",0.0504013197700802,47977,305486.4
2013,"Mississippi",260.8,"0,244",0.0850147793389319,34222,100331.2
2013,"Missouri",450.9,"0,163",0.0677743317528998,40386,274599.3
2013,"Montana",272.2,"0,174",0.0536029718135457,40746,42968.2
2013,"Nebraska",259.4,"0,13",0.0368227347302763,46842,104680
2013,"Nevada",607.6,"0,157",0.0997317481890996,39565,129720.9
2013,"New Hampshire",187.9,"0,088",0.0525061336111122,51010,69080.3
2013,"New Jersey",290.2,"0,114",0.0840009911621376,55599,523725.8
2013,"New Mexico",559.1,"0,233",0.069078158102282,35149,86856.6
2013,"New York",406.8,"0,161",0.0780820387673236,54117,1329376.3
2013,"North Carolina",353.4,"0,18",0.0776392468793325,38225,452056.2
2013,"North Dakota",244.7,"0,12",0.0288633963617526,55222,52892.4
2013,"Ohio",299.7,"0,156",0.0745294640244341,41373,556210.5
2013,"Oklahoma",469.3,"0,167",0.0512945901895331,43951,177698.9
2013,"Oregon",247.6,"0,165",0.0777026605760078,39787,175933.8
2013,"Pennsylvania",348.7,"0,138",0.0712956129395246,46456,655929.2
2013,"Rhode Island",252.4,"0,141",0.0948031935741937,45990,51910.8
2013,"South Carolina",558.8,"0,186",0.074377582033596,36005,180881.6
2013,"South Dakota",321.8,"0,138",0.0371928899297843,45525,44147.4
2013,"Tennessee",643.6,"0,181",0.0775494242913299,39425,289794.6
2013,"Texas",408.6,"0,175",0.0631061722995775,44745,1484700.1
2013,"Utah",205.8,"0,128",0.0421015490893715,36628,133112.9
2013,"Vermont",142.6,"0,128",0.0442433397967314,46224,28681.5
2013,"Virginia",190.1,"0,118",0.055758619892346,48654,449063.8
2013,"Washington",295.6,"0,14",0.0664093833290568,47912,410873.9
2013,"West Virginia",316.3,"0,181",0.0670832687083169,35354,70550.1
2013,"Wisconsin",280.5,"0,136",0.0668719860835933,43194,278015
2013,"Wyoming",201.4,"0,106",0.0476798708153129,53620,38849.6
2014,"Alabama",449.9,"0,195",0.067451648503433,37384,189886.3
2014,"Alaska",603.2,"0,125",0.0674744568827789,55910,54188.2
2014,"Arizona",428.9,"0,18",0.0680627902890031,38211,276948.9
2014,"Arkansas",469.1,"0,188",0.0588849680939665,38650,111734.5
2014,"California",423.1,"0,164",0.0756116939495899,51332,2256054.7
2014,"Colorado",308.9,"0,122",0.0498437339882235,50706,298655.3
2014,"Connecticut",283,"0,102",0.0661600762267747,65844,235780.9
2014,"Delaware",547.4,"0,13",0.0559119263461097,46115,64940.1
2014,"Florida",487.1,"0,166",0.0644190785416635,43388,817233.5
2014,"Georgia",378.9,"0,186",0.0713883861125568,39994,470009.7
2014,"Hawaii",239.2,"0,116",0.0423213331024149,46658,73512.4
2014,"Idaho",207.9,"0,149",0.0439375296031632,37863,62454
2014,"Illinois",414.8,"0,143",0.071714729079975,49564,741194
2014,"Indiana",345.7,"0,153",0.0594205780467136,41274,316783.1
2014,"Iowa",263.9,"0,123",0.0424118837573187,44856,166619.2
2014,"Kansas",354.6,"0,136",0.0450506522857944,47169,145344.1
2014,"Kentucky",222.6,"0,187",0.064275141662472,36993,181471.8
2014,"Louisiana",496.9,"0,196",0.062503560545144,43112,235355.1
2014,"Maine",122.7,"0,146",0.0559139415245897,41964,54037.9
2014,"Maryland",476.8,"0,099",0.0573139098718791,54100,339604.6
2014,"Massachusetts",405.5,"0,116",0.0573482124697652,59400,451568.9
2014,"Michigan",454.5,"0,16",0.0722114793114228,41383,434313.2
2014,"Minnesota",230.9,"0,111",0.0427263144577007,50157,314091.3
2014,"Mississippi",260.8,"0,222",0.0760976605803651,34846,100283.6
2014,"Missouri",450.9,"0,154",0.0616124704053857,41084,276080.7
2014,"Montana",272.2,"0,161",0.0465841235532684,42591,43829.1
2014,"Nebraska",259.4,"0,126",0.0325880241010966,49216,107936.8
2014,"Nevada",607.6,"0,149",0.0816319284681741,41637,130897.4
2014,"New Hampshire",187.9,"0,093",0.0430514062294121,52839,70213.7
2014,"New Jersey",290.2,"0,111",0.0673306936033649,58137,522166.4
2014,"New Mexico",559.1,"0,214",0.0658658411618587,37304,88991.2
2014,"New York",406.8,"0,156",0.062816779842013,56270,1353410.4
2014,"North Carolina",353.4,"0,174",0.0612231128297502,40061,462253.1
2014,"North Dakota",244.7,"0,121",0.0261850166907199,57963,57790
2014,"Ohio",299.7,"0,159",0.0580047934750208,42984,574177.9
2014,"Oklahoma",469.3,"0,165",0.0433601200591173,46522,189360
2014,"Oregon",247.6,"0,161",0.0666237977077414,42133,181220.6
2014,"Pennsylvania",348.7,"0,135",0.0593184830783693,48394,669643.1
2014,"Rhode Island",252.4,"0,143",0.0776611645671498,47937,52293.4
2014,"South Carolina",558.8,"0,181",0.0627640121020358,37878,185986.9
2014,"South Dakota",321.8,"0,147",0.0333582534890067,47374,44846.5
2014,"Tennessee",643.6,"0,185",0.066053113092768,40263,294130.1
2014,"Texas",408.6,"0,172",0.0517548327819948,47273,1529617.1
2014,"Utah",205.8,"0,119",0.0363241207503138,38328,136993.7
2014,"Vermont",142.6,"0,102",0.0400150275026241,48260,28912.2
2014,"Virginia",190.1,"0,119",0.0511754199068718,50428,447678.1
2014,"Washington",295.6,"0,133",0.0592971592994768,50966,424467.6
2014,"West Virginia",316.3,"0,179",0.06506981011147,36618,70532.5
2014,"Wisconsin",280.5,"0,129",0.0533529651798965,44905,283981.1
2014,"Wyoming",201.4,"0,12",0.0434913245175243,57530,39559.4
2015,"Vermont",121,"0,096",0.0353548908416663,49662,29119
2015,"Maine",129,"0,129",0.0440574425893942,43888,54425.8
2015,"Virginia",196,"0,115",0.04390693574695,52379,455162.4
2015,"Wyoming",205,"0,102",0.0421601262549235,57576,40418.2
2015,"Kentucky",210,"0,182",0.052351572547526,38854,182916
2015,"New Hampshire",215,"0,079",0.0341475964031466,54935,72042.4
2015,"Idaho",217,"0,141",0.0388642355450905,39622,63081.2
2015,"Utah",224,"0,114",0.0354410453429619,40668,141720.5
2015,"Minnesota",234,"0,1",0.037845663347216,52229,318913.2
2015,"Hawaii",252,"0,109",0.0342665841528792,48566,75869.5
2015,"Montana",253,"0,146",0.0428187463313664,44066,45395.7
2015,"Oregon",254,"0,151",0.0546568061596006,44693,189946.5
2015,"Rhode Island",257,"0,137",0.0603397974326096,49625,52819.1
2015,"Nebraska",262,"0,126",0.0299939703658308,50887,111401.5
2015,"Connecticut",263,"0,103",0.0561808501304909,67761,242706.5
2015,"North Dakota",270,"0,118",0.0279257391033381,54503,56542.4
2015,"Iowa",271,"0,129",0.0370960590582621,46304,171126.5
2015,"Mississippi",275,"0,219",0.0650759511753782,35470,100482.4
2015,"Wisconsin",278,"0,116",0.044470707247561,46800,289077
2015,"Ohio",286,"0,149",0.0495431100178189,44641,578852.4
2015,"New Jersey",289,"0,106",0.0571198009347204,60551,529953.7
2015,"Washington",289,"0,127",0.0544549247080732,53180,441952.1
2015,"West Virginia",300,"0,178",0.065793762491567,37529,70663
2015,"Colorado",308,"0,116",0.037428855448143,52222,312409.7
2015,"South Dakota",317,"0,13",0.0304571888897472,49040,45664.5
2015,"Pennsylvania",335,"0,129",0.0539848323783511,50352,682466.1
2015,"Kansas",340,"0,129",0.0416752857000362,47527,148810.5
2015,"North Carolina",342,"0,167",0.0566649579560631,41778,475096.6
2015,"Indiana",357,"0,151",0.04794573599506,42778,313751.2
2015,"Georgia",366,"0,171",0.0607461148345714,41974,489182.3
2015,"Illinois",380,"0,137",0.0601779106509283,51864,751754.9
2015,"New York",394,"0,152",0.0524857904200734,58743,1373643
2015,"California",402,"0,153",0.0625119460930658,54632,2357452.9
2015,"Texas",408,"0,158",0.0448796290885452,47345,1605901.7
2015,"Massachusetts",413,"0,113",0.0479504721107524,62998,468060.9
2015,"Arizona",417,"0,173",0.0608899687198633,39635,282577
2015,"Alabama",431,"0,189",0.0612613273961299,38954,191335.2
2015,"Missouri",433,"0,147",0.0511463527577348,42932,279020.8
2015,"Oklahoma",441,"0,163",0.0429456976119896,44785,197071.9
2015,"Michigan",450,"0,159",0.0542813831479005,43655,443831.2
2015,"Arkansas",460,"0,194",0.0496651631550299,39842,112351
2015,"Florida",470,"0,157",0.0552883226402707,45493,852242.4
2015,"Maryland",474,"0,101",0.0499705413074564,56392,348151.8
2015,"Delaware",491,"0,135",0.0479653204423113,47997,66793.5
2015,"South Carolina",509,"0,165",0.0589773167219175,39698,192019.9
2015,"Louisiana",519,"0,194",0.0627785379611603,43146,233016
2015,"Tennessee",591,"0,168",0.0557969357420535,42036,304484.2
2015,"Nevada",603,"0,149",0.068492081674733,44314,136347.4
2015,"New Mexico",613,"0,209",0.0661781240774549,38211,89701.3
2015,"Alaska",640,"0,103",0.0629623395866156,57629,54740.8
2016,"Vermont",118,"0,112",0.0312560538725991,50572,29408.1
2016,"Maine",130,"0,13",0.0377508037681631,45003,55565.4
2016,"Virginia",196,"0,111",0.0398480523867157,53439,459965.8
2016,"New Hampshire",199,"0,069",0.0285404072151043,56629,73572.2
2016,"Idaho",216,"0,144",0.0365865359776215,40385,65479
2016,"Connecticut",219,"0,095",0.0484941353202359,69215,243286.7
2016,"Kentucky",219,"0,186",0.0501898646885415,39574,184115
2016,"Wyoming",222,"0,117",0.0535989379364958,54522,38188.7
2016,"Utah",236,"0,104",0.0334343019566226,42008,147962.3
2016,"North Dakota",239,"0,116",0.0310381924460213,52592,52974.6
2016,"Rhode Island",243,"0,127",0.0520450733146311,50320,52902.6
2016,"Minnesota",243,"0,098",0.0386262814976433,52890,324030.3
2016,"New Jersey",255,"0,103",0.0493280060220489,62213,535055.3
2016,"Oregon",260,"0,134",0.0473338371833479,45998,198079.3
2016,"Nebraska",275,"0,117",0.030614896159138,49745,112611.5
2016,"Mississippi",276,"0,208",0.0594382006569998,35946,101255.3
2016,"Washington",284,"0,114",0.0518105347228484,55038,458263.8
2016,"Iowa",286,"0,114",0.0358232423342853,46531,170389.1
2016,"Ohio",292,"0,144",0.0504623609367786,45452,583946.4
2016,"Hawaii",293,"0,09",0.0288063540959564,50089,77303.9
2016,"Wisconsin",306,"0,118",0.039133982410364,47509,291920.3
2016,"Pennsylvania",315,"0,128",0.0532983056536632,51700,688359.4
2016,"Colorado",321,"0,108",0.031324082299442,52251,318953.4
2016,"West Virginia",338,"0,183",0.0610143801505522,37453,70011.4
2016,"North Carolina",347,"0,157",0.0508566408812319,42574,482968.9
2016,"Montana",350,"0,131",0.043073013098428,44211,44436.8
2016,"Georgia",378,"0,158",0.0544666514554883,43074,506816.2
2016,"New York",380,"0,148",0.0487204404143664,60833,1403230.5
2016,"South Dakota",383,"0,138",0.0301316529564789,49018,46076
2016,"Illinois",384,"0,13",0.0589068359268992,52543,749333.5
2016,"Indiana",388,"0,14",0.0436411690749021,43780,319601.5
2016,"Kansas",390,"0,121",0.0402486906608292,47557,153695.3
2016,"Massachusetts",391,"0,105",0.0401307643761615,65060,475349
2016,"Arizona",410,"0,165",0.0545930792067918,40618,291275.2
2016,"Texas",412,"0,157",0.0462994465737434,46445,1619954.2
2016,"Michigan",416,"0,149",0.0498473181997613,44809,452325.2
2016,"Oklahoma",422,"0,161",0.0464086088795481,42399,193025.1
2016,"California",426,"0,144",0.0550500070402818,56667,2427894.6
2016,"Maryland",457,"0,094",0.0428058470356067,58329,360082
2016,"Florida",462,"0,148",0.0488827000134332,46253,881539.2
2016,"Alabama",472,"0,173",0.0587141902213217,39525,194283.8
2016,"Missouri",497,"0,139",0.0453810587481841,44058,279109.2
2016,"Delaware",499,"0,117",0.0451528130919268,48890,63001.3
2016,"South Carolina",505,"0,152",0.0488858773986148,40744,198005.7
2016,"Arkansas",521,"0,172",0.0397819186220424,40720,112798.1
2016,"Louisiana",540,"0,203",0.0607696121802916,42763,228428.5
2016,"Tennessee",612,"0,157",0.0474186210007955,43327,310143.2
2016,"New Mexico",656,"0,201",0.0674920174319165,38907,89151.4
2016,"Nevada",696,"0,136",0.0578702377896712,45232,140081.2
2016,"Alaska",730,"0,106",0.0658057565880338,56341,54246.6
2017,"Maine",124,"0,114",0.03373812604087,46737,56662.6
2017,"Vermont",158,"0,111",0.0301589039201678,51839,29500.9
2017,"New Hampshire",198,"0,075",0.0280382620489428,58791,74107.3
2017,"Virginia",218,"0,105",0.0367162078871358,55181,466724.8
2017,"Connecticut",227,"0,094",0.0440817737577291,70797,247358.5
2017,"Idaho",230,"0,132",0.0315622744309966,41905,66980.5
2017,"Kentucky",232,"0,174",0.047580927627349,40432,185866.5
2017,"Rhode Island",239,"0,117",0.045042192764539,52341,52608.8
2017,"Minnesota",243,"0,098",0.0344250344338846,54670,328696.1
2017,"Utah",243,"0,096",0.0314389343479935,43711,154367.3
2017,"Wyoming",244,"0,118",0.0429380669758135,56757,37429.1
2017,"New Jersey",245,"0,097",0.0451354082353711,64410,537045.1
2017,"North Dakota",251,"0,098",0.0266912920541759,53142,54083.1
2017,"Oregon",265,"0,132",0.0405756620998422,47982,205744.8
2017,"Mississippi",281,"0,197",0.0522161834611206,36817,101642.1
2017,"Iowa",291,"0,102",0.0309183722478806,47570,170182.7
2017,"Nebraska",291,"0,107",0.0294161044909137,50658,114480.9
2017,"Ohio",300,"0,139",0.0497496121869894,46999,590738.9
2017,"Washington",302,"0,112",0.0461951057243968,57389,482824.1
2017,"Wisconsin",306,"0,109",0.0327142299405793,49105,292311.2
2017,"Hawaii",309,"0,106",0.0221467407294082,52222,78941.6
2017,"Pennsylvania",316,"0,125",0.0498499142867865,53117,694236.5
2017,"Colorado",343,"0,103",0.0263148189003729,55125,329960.6
2017,"West Virginia",358,"0,191",0.0523563282183972,39258,71459.4
2017,"Montana",368,"0,126",0.0409405477011626,46282,45910.5
2017,"North Carolina",372,"0,149",0.0452396745428319,44094,496726.5
2017,"New York",376,"0,14",0.0463845741719632,64964,1419583.6
2017,"Massachusetts",377,"0,104",0.0381652665819129,67545,484413.8
2017,"Kansas",380,"0,12",0.0362213343254771,49033,155407.9
2017,"Georgia",398,"0,152",0.0477100578377914,45045,524874.7
2017,"Indiana",405,"0,135",0.0348894062409001,45278,325841.7
2017,"South Dakota",418,"0,122",0.0310286928938733,50145,45878.2
2017,"Florida",430,"0,14",0.0424599979805493,48774,912966.2
2017,"Texas",434,"0,146",0.043420261383879,49055,1664218.5
2017,"Illinois",436,"0,127",0.0495077305090516,54252,755594.7
2017,"California",445,"0,132",0.0483457516784376,58942,2541769.3
2017,"Oklahoma",450,"0,154",0.0402721869969662,44295,194256
2017,"Michigan",459,"0,142",0.0458951817281908,45983,457764.9
2017,"Arizona",470,"0,147",0.0494978703262657,42267,302455.4
2017,"Maryland",472,"0,094",0.0408223673426057,60014,366680.5
2017,"South Carolina",502,"0,154",0.042000695665499,42296,202494.3
2017,"Delaware",509,"0,129",0.0444783147980743,50703,60801.2
2017,"Missouri",519,"0,133",0.0377014822078152,44781,282174.2
2017,"Alabama",532,"0,168",0.0455959231338952,40864,197566.6
2017,"Arkansas",551,"0,162",0.0374033916082362,41873,113885.2
2017,"Louisiana",566,"0,2",0.0512702188053564,44120,233774.4
2017,"Tennessee",633,"0,151",0.0372968402691175,44540,318412
2017,"Nevada",678,"0,131",0.050186011751153,47279,145699.9
2017,"New Mexico",703,"0,196",0.0607826168731885,39592,89032
2017,"Alaska",804,"0,117",0.0650529165709287,57352,54129.5
2018,"Maine",112,"0,112",0.0310825325447177,48594,58178.8
2018,"Vermont",172,"0,111",0.0262920330755853,53516,29616.4
2018,"New Hampshire",173,"0,072",0.0264388743270604,61371,75534.6
2018,"Virginia",200,"0,107",0.0294420235773728,56978,477819.8
2018,"Connecticut",207,"0,104",0.0390424827305333,73929,249998.1
2018,"New Jersey",208,"0,094",0.039763560737939,67142,550064.5
2018,"Kentucky",212,"0,167",0.0420247398053277,41589,188083.6
2018,"Wyoming",212,"0,111",0.0404823428079242,59910,37987.9
2018,"Rhode Island",219,"0,126",0.0406683350560618,54158,52493.8
2018,"Minnesota",220,"0,097",0.0302116976110761,56986,338524.5
2018,"Idaho",227,"0,12",0.0281185400667858,43766,71075.4
2018,"Utah",233,"0,088",0.0291811237782946,46377,163327
2018,"Mississippi",234,"0,2",0.0495295051300947,37822,101131.5
2018,"Hawaii",249,"0,095",0.0236053123060722,53534,79854.7
2018,"Iowa",250,"0,112",0.0259785669623758,49548,172929.4
2018,"Ohio",280,"0,139",0.0450548854661793,48778,598917.1
2018,"North Dakota",281,"0,102",0.0246796625934752,56340,55884
2018,"Nebraska",285,"0,115",0.0285086117837673,52560,116904.4
2018,"Oregon",286,"0,122",0.0400941136339246,50535,215208.8
2018,"West Virginia",290,"0,177",0.0519336320270211,41406,73114.2
2018,"Wisconsin",295,"0,108",0.0301718893145866,51250,299416
2018,"Pennsylvania",306,"0,122",0.0444952965277777,55924,703946
2018,"Washington",312,"0,105",0.0437064157029654,60352,515629.9
2018,"Georgia",327,"0,144",0.0402041782053872,46882,539300.3
2018,"Massachusetts",338,"0,1",0.0344725599475123,70610,502954.3
2018,"New York",351,"0,138",0.0409625486621158,67357,1457995.8
2018,"Montana",374,"0,121",0.0376660488397815,48021,46614.1
2018,"North Carolina",378,"0,141",0.040241619362275,45758,504049.5
2018,"Indiana",382,"0,131",0.0337534419482241,47292,337149.6
2018,"Florida",385,"0,134",0.0361748545405166,51150,943463.4
2018,"Colorado",397,"0,098",0.030345464833929,58267,342535.9
2018,"Illinois",404,"0,119",0.0437206958130762,57240,774065
2018,"South Dakota",405,"0,133",0.0288364106263034,52346,46454.1
2018,"Texas",411,"0,148",0.0389475731891849,51813,1729286.6
2018,"Delaware",424,"0,118",0.0369135746023301,53062,61735.1
2018,"Kansas",439,"0,122",0.0328820103017043,51139,158906.3
2018,"California",447,"0,128",0.0426442768748049,61663,2643576.3
2018,"Michigan",449,"0,14",0.0416534745696021,47708,467830.4
2018,"Oklahoma",466,"0,154",0.0326199293304671,46298,197358.3
2018,"Maryland",469,"0,088",0.0381100609652736,61600,368643.9
2018,"Arizona",475,"0,139",0.0481110923768679,44071,313618.7
2018,"South Carolina",488,"0,151",0.0337983868187929,43711,207772.7
2018,"Missouri",502,"0,132",0.0321794070934575,46376,285995.1
2018,"Alabama",520,"0,168",0.0391101674564186,42328,200800.9
2018,"Louisiana",538,"0,187",0.0482016191575085,46117,236265.6
2018,"Nevada",541,"0,13",0.0438395196615314,49424,150711.6
2018,"Arkansas",544,"0,174",0.036511384117681,43446,115937.6
2018,"Tennessee",624,"0,154",0.0347683642063134,46499,322648.5
2018,"New Mexico",857,"0,201",0.0494287429813,41329,90999.4
2018,"Alaska",885,"0,107",0.0594246474583028,59871,53249.6
2019,"Maine",112,"0,106",0.0272739677820151,50421,59433.9
2019,"Vermont",172,"0,102",0.0231718082140866,55396,29902.8
2019,"New Hampshire",173,"0,075",0.0260062319796232,63785,77126.5
2019,"Virginia",200,"0,099",0.026816432366015,58738,487251.6
2019,"Connecticut",207,"0,102",0.035897318210694,75794,251495.1
2019,"New Jersey",208,"0,092",0.0342593843628854,69626,561842.8
2019,"Kentucky",212,"0,161",0.0413839039464901,43369,191355.5
2019,"Wyoming",212,"0,099",0.0371545343786597,61065,38628.4
2019,"Rhode Island",219,"0,107",0.0360922785677605,56616,53225
2019,"Minnesota",220,"0,09",0.0316433084280094,58426,340130.4
2019,"Idaho",227,"0,111",0.0276502673833275,45741,73912
2019,"Utah",233,"0,094",0.025394314318096,49115,171134.7
2019,"Mississippi",234,"0,196",0.0554676975341182,39062,101525.1
2019,"Hawaii",249,"0,098",0.0245431043500351,55464,79175.4
2019,"Iowa",250,"0,114",0.0276905774637733,50533,172906
2019,"Ohio",280,"0,13",0.041634565795674,50201,611145.8
2019,"North Dakota",281,"0,11",0.0232609821140753,58163,56247
2019,"Nebraska",285,"0,103",0.0298940359927807,54037,118286.5
2019,"Oregon",286,"0,115",0.036970977004675,52462,219458.2
2019,"West Virginia",290,"0,158",0.0492339259743627,42500,72542.9
2019,"Wisconsin",295,"0,097",0.0327369949145663,52918,303891.2
2019,"Pennsylvania",306,"0,121",0.0446498757156031,57596,716173.4
2019,"Washington",312,"0,097",0.0414808289105738,63021,535980.5
2019,"Georgia",327,"0,134",0.0353808964680677,48765,558277.3
2019,"Massachusetts",338,"0,094",0.0302346536988602,73477,517727.1
2019,"New York",351,"0,129",0.0382719402285522,69951,1494736.4
2019,"Montana",374,"0,131",0.036034023445572,50099,46788
2019,"North Carolina",378,"0,135",0.0377914179058915,47660,514624.9
2019,"Indiana",382,"0,122",0.0323506377976756,48980,338350.1
2019,"Florida",385,"0,127",0.0328186518576556,53034,971619.2
2019,"Colorado",397,"0,094",0.0265546003438762,60848,356773.6
2019,"Illinois",404,"0,114",0.0399173440252436,59115,777653.8
2019,"South Dakota",405,"0,11",0.0299251655014473,54725,46641
2019,"Texas",411,"0,136",0.0353061408544136,53266,1785317.9
2019,"Delaware",424,"0,109",0.0365134005409393,53793,64262.4
2019,"Kansas",439,"0,115",0.0316146417393342,53203,160182.3
2019,"California",447,"0,118",0.0415019483053975,64513,2739343.4
2019,"Michigan",449,"0,131",0.0407050841704583,49277,467300.2
2019,"Oklahoma",466,"0,155",0.031037627129113,48317,200710.9
2019,"Maryland",469,"0,091",0.0348560070636255,62989,369623.9
2019,"Arizona",475,"0,134",0.0486228797094999,45808,323894.3
2019,"South Carolina",488,"0,138",0.0275018646835275,45455,212482.8
2019,"Missouri",502,"0,126",0.0327677600837431,48568,290842
2019,"Alabama",520,"0,154",0.0303438941897039,43996,203383.9
2019,"Louisiana",538,"0,187",0.0465037180236521,47670,235947.6
2019,"Nevada",541,"0,13",0.0390409485304022,51419,156828.8
2019,"Arkansas",544,"0,165",0.035237666926444,44788,116790.9
2019,"Tennessee",624,"0,139",0.0337516508780103,48669,329111.6
2019,"New Mexico",857,"0,177",0.0503135156976544,43121,94872.3
2019,"Alaska",885,"0,107",0.0540678009206277,61742,53336.5
